{
  "project_info": {
    "project_number": "262399406805",
    "firebase_url": "https://studentattendance-f0e65.firebaseio.com",
    "project_id": "studentattendance-f0e65",
    "storage_bucket": "studentattendance-f0e65.appspot.com"
  },
  "client": [
    {
      "client_info": {
        "mobilesdk_app_id": "1:262399406805:android:fbbf859cc9f0e1e1",
        "android_client_info": {
          "package_name": "com.example.punitpandey.studentattendance"
        }
      },
      "oauth_client": [
        {
          "client_id": "262399406805-karin81cbrbgmb1egmc8frai4bgl29cp.apps.googleusercontent.com",
          "client_type": 1,
          "android_info": {
            "package_name": "com.example.punitpandey.studentattendance",
            "certificate_hash": "8d7984eb68d3a8ff6207a0e8cd13e7cad79b4bc3"
          }
        },
        {
          "client_id": "262399406805-4buiaple33dq5i0cis15f81pq2visuov.apps.googleusercontent.com",
          "client_type": 3
        }
      ],
      "api_key": [
        {
          "current_key": "AIzaSyAQSjWGA84A1yWNPlDXzvzFah4Co9w4JT0"
        }
      ],
      "services": {
        "analytics_service": {
          "status": 1
        },
        "appinvite_service": {
          "status": 2,
          "other_platform_oauth_client": [
            {
              "client_id": "262399406805-4buiaple33dq5i0cis15f81pq2visuov.apps.googleusercontent.com",
              "client_type": 3
            }
          ]
        },
        "ads_service": {
          "status": 2
        }
      }
    }
  ],
  "configuration_version": "1"
}